{
  "baseline": {
    "ap50": 0.16256312705650072,
    "precision": 0.5336689738617564,
    "recall": 0.18727915190210265,
    "num_images": 200,
    "num_gt": 4528
  },
  "finetuned": {
    "ap50": 0.22206096568970238,
    "precision": 0.2193739880977639,
    "recall": 0.3590989398500223,
    "num_images": 200,
    "num_gt": 4528
  }
}